Name,Speciality,Degree,State,City,More Details
Dr. Sarfraz Ali,Cosmetologist and Trichologist,"BHMS, Certificate in Trichology from WMTA, USA",Bihar,Darbhanga,
Dr. Bhattacharya Avdhesh,Cosmetologist and Trichologist,MBBS,Madhya Pradesh,Jabalpur,https://www.drdata.in/dravdheshbhattacharyajabalpur
Dr. Davalbhakta Ashish,Cosmetologist and Trichologist,"MBBS, MS, FRCS (GLASG), MCh (PLAST)",Maharashtra,Pune,https://www.drdata.in/drashishdavalbhakta-cosmetologist
Dr. Garg Seema,Cosmetologist and Trichologist,"MBBS, MSc (Laser & Hair Transplant Surgeon)",Madhya Pradesh,Indore,https://www.drdata.in/drseemagarg-cosmetologist
Dr. Ghoshal Sujata,Cosmetologist and Trichologist,"MBBS, DIH, Adv.Dip.Cosmetology",Maharashtra,Nashik,https://www.drdata.in/drsujataghoshal-cosmetologist
Dr. Gupta Amit,Cosmetologist and Trichologist,"MBBS, MD",Haryana,Gurgaon,https://www.drdata.in/dramitgupta-cosmetologist
Dr. Maheshwari M.K.,Cosmetologist and Trichologist,"MBBS, PG Diploma in Clinical Cosmetology and Cosmetic Dermatology",Madhya Pradesh,Jabalpur,https://www.drdata.in/drmkmaheshwari-dermatologist
Dr. Pandey Ankit,Cosmetologist and Trichologist,MBBS,Madhya Pradesh,Jabalpur,https://www.drdata.in/drankitpandey-cosmetologist
Dr. Pandya Upavan,Cosmetologist and Trichologist,"MBBS, MD, FAM, PGDCC",Rajasthan,Udaipur,https://www.drdata.in/drupavanpandya-cosmetologist
Dr. Peswani Pankaj,Cosmetologist and Trichologist,MBBS,Madhya Pradesh,Bhopal,https://www.drdata.in/drpankajpeswani-cosmetologist
Dr. Singh Abhisekh,Cosmetologist and Trichologist,"MBBS, Diploma in Cosmetology and Trichology",Madhya Pradesh,Jabalpur,https://www.drdata.in/drabhisekhsingh-cosmetologist
Dr. Singh Preeti,Cosmetologist and Trichologist,MBBS,Madhya Pradesh,Indore,https://www.drdata.in/drpreetisingh-cosmetologist
Dr. Sinha Ashok,Cosmetologist and Trichologist,MBBS,Madhya Pradesh,Indore,https://www.drdata.in/drashoksinha-cosmetologist
